<?xml version="1.0" encoding="UTF-8"?>
<project version="4">
  <component name="AutoImportSettings">
    <option name="autoReloadType" value="SELECTIVE" />
  </component>
  <component name="ChangeListManager">
    <list default="true" id="ecfb1eda-953e-4fc6-ba6c-b1b5601d51db" name="Changes" comment="" />
    <option name="SHOW_DIALOG" value="false" />
    <option name="HIGHLIGHT_CONFLICTS" value="true" />
    <option name="HIGHLIGHT_NON_ACTIVE_CHANGELIST" value="false" />
    <option name="LAST_RESOLUTION" value="IGNORE" />
  </component>
  <component name="ProjectColorInfo"><![CDATA[{
  "associatedIndex": 0
}]]></component>
  <component name="ProjectId" id="2vdWjGkr2mFiDO75D2o0ojsJoPS" />
  <component name="ProjectViewState">
    <option name="hideEmptyMiddlePackages" value="true" />
    <option name="showLibraryContents" value="true" />
  </component>
  <component name="PropertiesComponent"><![CDATA[{
  "keyToString": {
    "Application.BicycleApplication.executor": "Run",
    "RequestMappingsPanelOrder0": "0",
    "RequestMappingsPanelOrder1": "1",
    "RequestMappingsPanelWidth0": "75",
    "RequestMappingsPanelWidth1": "75",
    "RunOnceActivity.ShowReadmeOnStart": "true",
    "Spring Boot.BicycleApplication.executor": "Run",
    "kotlin-language-version-configured": "true",
    "last_opened_file_path": "C:/Users/Tammam/Downloads/tam-20250412T163104Z-001",
    "node.js.detected.package.eslint": "true",
    "node.js.detected.package.tslint": "true",
    "node.js.selected.package.eslint": "(autodetect)",
    "node.js.selected.package.tslint": "(autodetect)",
    "nodejs_package_manager_path": "npm",
    "project.structure.last.edited": "Project",
    "project.structure.proportion": "0.15",
    "project.structure.side.proportion": "0.0",
    "vue.rearranger.settings.migration": "true"
  }
}]]></component>
  <component name="RunManager">
    <configuration name="BicycleApplication" type="SpringBootApplicationConfigurationType" factoryName="Spring Boot" nameIsGenerated="true">
      <option name="FRAME_DEACTIVATION_UPDATE_POLICY" value="UpdateClassesAndResources" />
      <module name="tail-spring" />
      <option name="SPRING_BOOT_MAIN_CLASS" value="Management.com.example.Bicycle.BicycleApplication" />
      <method v="2">
        <option name="Make" enabled="true" />
      </method>
    </configuration>
  </component>
  <component name="SharedIndexes">
    <attachedChunks>
      <set>
        <option value="bundled-jdk-9823dce3aa75-a94e463ab2e7-intellij.indexing.shared.core-IU-243.26053.27" />
        <option value="bundled-js-predefined-d6986cc7102b-1632447f56bf-JavaScript-IU-243.26053.27" />
      </set>
    </attachedChunks>
  </component>
  <component name="SpellCheckerSettings" RuntimeDictionaries="0" Folders="0" CustomDictionaries="0" DefaultDictionary="application-level" UseSingleDictionary="true" transferred="true" />
  <component name="TaskManager">
    <task active="true" id="Default" summary="Default task">
      <changelist id="ecfb1eda-953e-4fc6-ba6c-b1b5601d51db" name="Changes" comment="" />
      <created>1744475564327</created>
      <option name="number" value="Default" />
      <option name="presentableId" value="Default" />
      <updated>1744475564327</updated>
      <workItem from="1744475565604" duration="1361000" />
    </task>
    <servers />
  </component>
  <component name="TypeScriptGeneratedFilesManager">
    <option name="version" value="3" />
  </component>
</project>